<?xml version="1.0" encoding="UTF-8"?>
<configuration debug="false">

    <include resource="org/springframework/boot/logging/logback/defaults.xml" />
    <property name="MAX_FILE_SIZE" value="4GB" />
    <property name="C2C-R_CONSOLE_LOG_PATTERN"
        value="%clr(%d{HH:mm:ss.SSS}){faint} %clr(${LOG_LEVEL_PATTERN:-%5p}){magenta} %clr(---){faint} %clr([%15.15t]){faint} %clr(%-40.40logger{39}){cyan} %clr(:){faint} %m%n${LOG_EXCEPTION_CONVERSION_WORD:-%wEx}" />
    <property name="C2C-R_FILE_LOG_PATTERN"
        value="%d{yyyy-MM-dd HH:mm:ss.SSS} ${LOG_LEVEL_PATTERN:-%5p} ${PID:- } --- [%t] %-40.40logger{39} : %m%n${LOG_EXCEPTION_CONVERSION_WORD:-%wEx}" />
    
    <springProperty scope="context" name="application.name" source="spring.application.name"/>
    <springProperty scope="context" name="application.version" source="spring.application.version"/>
    
    <jmxConfigurator />
    
    <!-- Operations Logging -->
    <property name="OPS_LOG_FILE_NAME" value="c2c-app-ops"/>
    <property name="OPS_LOG_FILE"
        value="${LOG_PATH:-logs}/${OPS_LOG_FILE_NAME}.log" />
        
    <appender name="OPS_FILE"
        class="ch.qos.logback.core.rolling.RollingFileAppender">
        <!-- For the operations team log down to INFO level only -->
        <filter class="ch.qos.logback.classic.filter.ThresholdFilter">
            <level>INFO</level>
        </filter>
        <!-- Calculate the metrics for the OPS_FILE appender -->
        <filter class="ch.qos.logback.access.filter.CountingFilter">
            <name>countingFilterOps</name>
        </filter>
        <!-- Use the pattern layout encoder for single line output -->
        <layout class="io.oasp.module.logging.common.impl.SingleLinePatternLayout">
<!--             <pattern>${C2C-R_FILE_LOG_PATTERN}</pattern> -->
             <pattern>${C2C-R_CONSOLE_LOG_PATTERN}</pattern>
        </layout>
        <file>${OPS_LOG_FILE}</file>
        <rollingPolicy
            class="ch.qos.logback.core.rolling.FixedWindowRollingPolicy">
            <fileNamePattern>archive/${OPS_LOG_FILE_NAME}-%d{yyyy-MM-dd}.%i.log
            </fileNamePattern>
        </rollingPolicy>
        <triggeringPolicy
            class="ch.qos.logback.core.rolling.SizeBasedTriggeringPolicy">
            <MaxFileSize>${MAX_FILE_SIZE}</MaxFileSize>
        </triggeringPolicy>
    </appender>

    <!-- Developer Logfile -->
    <property name="DEV_LOG_FILE_NAME"
        value="c2c-app-dev.log.json" />
    <property name="DEV_LOG_FILE"
        value="${LOG_PATH:-logs}/${DEV_LOG_FILE_NAME}" />
    <appender name="DEV_FILE"
        class="ch.qos.logback.core.rolling.RollingFileAppender">
        <!-- Calculate the metrics for the DEV_FILE appender -->
        <filter class="ch.qos.logback.access.filter.CountingFilter">
            <name>countingFilterDev</name>
        </filter>
        <!-- Use Logback's standard LogstashEncoder -->
        <encoder class="net.logstash.logback.encoder.LogstashEncoder">
            <includeCallerInfo>true</includeCallerInfo>
        </encoder>
        <file>${DEV_LOG_FILE}</file>
        <rollingPolicy
            class="ch.qos.logback.core.rolling.FixedWindowRollingPolicy">
            <fileNamePattern>archive/${DEV_LOG_FILE_NAME}.%d{yyyy-MM-dd}.%i.log</fileNamePattern>
        </rollingPolicy>
        <triggeringPolicy
            class="ch.qos.logback.core.rolling.SizeBasedTriggeringPolicy">
            <MaxFileSize>${MAX_FILE_SIZE}</MaxFileSize>
        </triggeringPolicy>
    </appender>
    
    <!-- Test DEV logging -->
    <property name="DEV_HOME_FILE_NAME" value="c2c-app-test-log" />
    <property name="DEV_HOME" value="${LOG_PATH:-logs}/${DEV_HOME_FILE_NAME}" />
    <appender name="FILE-AUDIT"
		class="ch.qos.logback.core.rolling.RollingFileAppender">
		<file>${DEV_HOME}.log</file>
		<encoder class="ch.qos.logback.classic.encoder.PatternLayoutEncoder">
			<charset>UTF-8</charset>
			<Pattern>%d{yyyy-MM-dd HH:mm:ss} - %msg%n</Pattern>
		</encoder>
		
		<rollingPolicy
            class="ch.qos.logback.core.rolling.FixedWindowRollingPolicy">
            <fileNamePattern>archive/${DEV_HOME_FILE_NAME}.%d{yyyy-MM-dd}.%i.log</fileNamePattern>
        </rollingPolicy>
        <triggeringPolicy
            class="ch.qos.logback.core.rolling.SizeBasedTriggeringPolicy">
            <MaxFileSize>${MAX_FILE_SIZE}</MaxFileSize>
        </triggeringPolicy>
	</appender>

    <appender name="CONSOLE" class="ch.qos.logback.core.ConsoleAppender">
        <encoder>
        	<charset>UTF-8</charset>
            <pattern>${C2C-R_CONSOLE_LOG_PATTERN}</pattern>
        </encoder>
    </appender>
    
     <appender name="aiAppender" 
	      class="com.microsoft.applicationinsights.logback.ApplicationInsightsAppender">
    </appender>

    <root level="INFO">
        <appender-ref ref="CONSOLE" />
        <appender-ref ref="FILE-AUDIT" />
        <appender-ref ref="OPS_FILE" additivity="false" />
        <appender-ref ref="DEV_FILE" additivity="false" />
        <appender-ref ref="aiAppender" additivity="false" />
    </root>
</configuration>
