{"properties": [
  {
    "name": "connection.ampido.connection-url",
    "type": "java.lang.String",
    "description": "A description for 'connection.ampido.connection-url'"
  },
  {
    "name": "connection.ampido.password",
    "type": "java.lang.String",
    "description": "A description for 'connection.ampido.password'"
  },
  {
    "name": "connection.ampido.user-id",
    "type": "java.lang.String",
    "description": "A description for 'connection.ampido.user-id'"
  },
  {
    "name": "eureka.instance.host-name",
    "type": "java.lang.String",
    "description": "A description for 'eureka.instance.host-name'"
  },
  {
    "name": "authorization.enabled",
    "type": "java.lang.String",
    "description": "A description for 'authorization.enabled'"
  },
  {
    "name": "authorization.service-ids",
    "type": "java.lang.String",
    "description": "A description for 'authorization.service-ids'"
  },
  {
    "name": "authorization.ciam-header-name",
    "type": "java.lang.String",
    "description": "A description for 'authorization.ciam-header-name'"
  },
  {
    "name": "authorization.vhp-env",
    "type": "java.lang.String",
    "description": "A description for 'authorization.vhp-env'"
  },
  {
    "name": "authorization.vin-header-name",
    "type": "java.lang.String",
    "description": "A description for 'authorization.vin-header-name'"
  },
  {
    "name": "adapter.ampido.base-url",
    "type": "java.lang.String",
    "description": "A description for 'adapter.ampido.base-url'"
  }
]}