{"properties": [
  {
    "name": "eureka.instance.host-name",
    "type": "java.lang.String",
    "description": "A description for 'eureka.instance.host-name'"
  },
  {
    "name": "spring.cloud.config.enabled",
    "type": "java.lang.String",
    "description": "A description for 'spring.cloud.config.enabled'"
  },
  {
    "name": "spring.cloud.config.discovery.enabled",
    "type": "java.lang.String",
    "description": "A description for 'spring.cloud.config.discovery.enabled'"
  },
  {
    "name": "spring.cloud.config.fail-fast",
    "type": "java.lang.String",
    "description": "A description for 'spring.cloud.config.fail-fast'"
  },
  {
    "name": "ammi.viewparkingspace.endpoint",
    "type": "java.lang.String",
    "description": "A description for 'ammi.viewparkingspace.endpoint'"
  }
]}