<assembly xmlns="http://maven.apache.org/plugins/maven-assembly-plugin/assembly/1.1.3"
          xmlns:xsi="http://www.w3.org/2001/XMLSchema-instance"
          xsi:schemaLocation="http://maven.apache.org/plugins/maven-assembly-plugin/assembly/1.1.3 http://maven.apache.org/xsd/assembly-1.1.3.xsd">
    <id>zip</id>
    <formats>
        <format>zip</format>
    </formats>
    <includeBaseDirectory>false</includeBaseDirectory>
    <fileSets>
        <fileSet>
            <directory>${project.build.directory}</directory>
            <includes>
                <include>${project.artifactId}.jar</include>
            </includes>
            <outputDirectory>.</outputDirectory>
        </fileSet>
        <fileSet>
            <directory>src/main/docker</directory>
            <includes>
                <include>Dockerfile</include>
            </includes>
            <outputDirectory>.</outputDirectory>
        </fileSet>
    </fileSets>
</assembly>